{
    "name": "root",
    "gauges": {
        "AirplaneAI.Policy.Entropy.mean": {
            "value": -4.412778377532959,
            "min": -4.412778377532959,
            "max": 1.4081759452819824,
            "count": 200
        },
        "AirplaneAI.Policy.Entropy.sum": {
            "value": -216345.296875,
            "min": -222738.8125,
            "max": 70912.921875,
            "count": 200
        },
        "AirplaneAI.Step.mean": {
            "value": 9999942.0,
            "min": 49972.0,
            "max": 9999942.0,
            "count": 200
        },
        "AirplaneAI.Step.sum": {
            "value": 9999942.0,
            "min": 49972.0,
            "max": 9999942.0,
            "count": 200
        },
        "AirplaneAI.Policy.ExtrinsicValueEstimate.mean": {
            "value": -11.6455659866333,
            "min": -26.579072952270508,
            "max": -0.14498601853847504,
            "count": 200
        },
        "AirplaneAI.Policy.ExtrinsicValueEstimate.sum": {
            "value": -9234.93359375,
            "min": -21289.837890625,
            "max": -114.6839370727539,
            "count": 200
        },
        "AirplaneAI.Policy.GailValueEstimate.mean": {
            "value": 17.45842742919922,
            "min": 3.638643980026245,
            "max": 24.05314826965332,
            "count": 200
        },
        "AirplaneAI.Policy.GailValueEstimate.sum": {
            "value": 13844.5322265625,
            "min": 2878.16748046875,
            "max": 19218.46484375,
            "count": 200
        },
        "AirplaneAI.Environment.EpisodeLength.mean": {
            "value": 1668.6296296296296,
            "min": 1139.9777777777779,
            "max": 3145.176470588235,
            "count": 200
        },
        "AirplaneAI.Environment.EpisodeLength.sum": {
            "value": 45053.0,
            "min": 30492.0,
            "max": 58477.0,
            "count": 200
        },
        "AirplaneAI.Environment.CumulativeReward.mean": {
            "value": -243.23037959911204,
            "min": -897.1411589304606,
            "max": -243.23037959911204,
            "count": 200
        },
        "AirplaneAI.Environment.CumulativeReward.sum": {
            "value": -6567.220249176025,
            "min": -38878.93866765499,
            "max": -6567.220249176025,
            "count": 200
        },
        "AirplaneAI.Policy.ExtrinsicReward.mean": {
            "value": -240.7980736427837,
            "min": -888.169758228461,
            "max": -240.7980736427837,
            "count": 200
        },
        "AirplaneAI.Policy.ExtrinsicReward.sum": {
            "value": -6501.54798835516,
            "min": -38490.15008074045,
            "max": -6501.54798835516,
            "count": 200
        },
        "AirplaneAI.Policy.GailReward.mean": {
            "value": 330.4284639766923,
            "min": 240.07751460965065,
            "max": 1275.8908515081687,
            "count": 200
        },
        "AirplaneAI.Policy.GailReward.sum": {
            "value": 8921.568527370691,
            "min": 7270.8441774994135,
            "max": 22950.124678904896,
            "count": 200
        },
        "AirplaneAI.Losses.PolicyLoss.mean": {
            "value": 0.02052484383772632,
            "min": 0.018922642152586683,
            "max": 0.02862987062428147,
            "count": 200
        },
        "AirplaneAI.Losses.PolicyLoss.sum": {
            "value": 0.08209937535090528,
            "min": 0.08209937535090528,
            "max": 0.14314935312140734,
            "count": 200
        },
        "AirplaneAI.Losses.ValueLoss.mean": {
            "value": 1094.2263216614722,
            "min": 44.39010195414225,
            "max": 1176.3657531738281,
            "count": 200
        },
        "AirplaneAI.Losses.ValueLoss.sum": {
            "value": 4376.905286645889,
            "min": 221.95050977071128,
            "max": 5646.520008055369,
            "count": 200
        },
        "AirplaneAI.Policy.LearningRate.mean": {
            "value": 7.457197514600081e-07,
            "min": 7.457197514600081e-07,
            "max": 0.00029922744025751995,
            "count": 200
        },
        "AirplaneAI.Policy.LearningRate.sum": {
            "value": 2.9828790058400325e-06,
            "min": 2.9828790058400325e-06,
            "max": 0.0014891890236036595,
            "count": 200
        },
        "AirplaneAI.Policy.Epsilon.mean": {
            "value": 0.10024854,
            "min": 0.10024854,
            "max": 0.19974248000000003,
            "count": 200
        },
        "AirplaneAI.Policy.Epsilon.sum": {
            "value": 0.40099416,
            "min": 0.40099416,
            "max": 0.9963963400000003,
            "count": 200
        },
        "AirplaneAI.Policy.Beta.mean": {
            "value": 2.2402146000000135e-05,
            "min": 2.2402146000000135e-05,
            "max": 0.004987149751999999,
            "count": 200
        },
        "AirplaneAI.Policy.Beta.sum": {
            "value": 8.960858400000054e-05,
            "min": 8.960858400000054e-05,
            "max": 0.024820177366,
            "count": 200
        },
        "AirplaneAI.Policy.GAILPolicyEstimate.mean": {
            "value": 0.2603635812799136,
            "min": 0.23091076463460922,
            "max": 0.334828467965126,
            "count": 200
        },
        "AirplaneAI.Policy.GAILPolicyEstimate.sum": {
            "value": 1.0414543251196544,
            "min": 0.9236430585384369,
            "max": 1.67414233982563,
            "count": 200
        },
        "AirplaneAI.Policy.GAILExpertEstimate.mean": {
            "value": 0.8265304153164228,
            "min": 0.7154118911425271,
            "max": 0.8441355884075165,
            "count": 200
        },
        "AirplaneAI.Policy.GAILExpertEstimate.sum": {
            "value": 3.306121661265691,
            "min": 2.98309026658535,
            "max": 4.210169057051341,
            "count": 200
        },
        "AirplaneAI.Losses.GAILLoss.mean": {
            "value": 0.523759056131045,
            "min": 0.4567447210351626,
            "max": 1.03923086921374,
            "count": 200
        },
        "AirplaneAI.Losses.GAILLoss.sum": {
            "value": 2.09503622452418,
            "min": 1.8269788841406505,
            "max": 4.199197334051132,
            "count": 200
        },
        "AirplaneAI.Policy.GAILGradMagLoss.mean": {
            "value": 0.1579351340730985,
            "min": 0.1442729961872101,
            "max": 9.335882663726807,
            "count": 200
        },
        "AirplaneAI.Policy.GAILGradMagLoss.sum": {
            "value": 0.631740536292394,
            "min": 0.5869557003180186,
            "max": 37.34353065490723,
            "count": 200
        },
        "AirplaneAI.Losses.PretrainingLoss.mean": {
            "value": 0.0031605672091245653,
            "min": 0.0031605672091245653,
            "max": 1.0594975143671035,
            "count": 200
        },
        "AirplaneAI.Losses.PretrainingLoss.sum": {
            "value": 0.012642268836498261,
            "min": 0.012642268836498261,
            "max": 4.885479131340981,
            "count": 200
        },
        "AirplaneAI.IsTraining.mean": {
            "value": 1.0,
            "min": 1.0,
            "max": 1.0,
            "count": 200
        },
        "AirplaneAI.IsTraining.sum": {
            "value": 1.0,
            "min": 1.0,
            "max": 1.0,
            "count": 200
        }
    },
    "metadata": {
        "timer_format_version": "0.1.0",
        "start_time_seconds": "1674841979",
        "python_version": "3.8.15 (default, Nov 24 2022, 14:38:14) [MSC v.1916 64 bit (AMD64)]",
        "command_line_arguments": "C:\\Users\\jarne\\miniconda3\\envs\\mlagents\\Scripts\\mlagents-learn Assets/AirplaneAI/Config/learnToFly.yaml --run-id=PostEvaluation3 --quality-level=0",
        "mlagents_version": "0.30.0",