{
    "name": "root",
    "metadata": {
        "timer_format_version": "0.1.0",
        "start_time_seconds": "1674140187",
        "python_version": "3.8.15 (default, Nov 24 2022, 14:38:14) [MSC v.1916 64 bit (AMD64)]",
        "command_line_arguments": "C:\\Users\\jarne\\miniconda3\\envs\\mlagents\\Scripts\\mlagents-learn Config/airplaneAIconfig1.yaml --run-id=Test1.3 --quality-level=0",
        "mlagents_version": "0.30.0",
        "mlagents_envs_version": "0.30.0",
        "communication_protocol_version": "1.5.0",
        "pytorch_version": "1.13.1",
        "numpy_version": "1.23.5",
        "end_time_seconds": "1674140198"
    },
    "total": 11.096975,
    "count": 1,
    "self": 0.010872100000000273,
    "children": {
        "run_training.setup": {
            "total": 0.0697255000000001,
            "count": 1,
            "self": 0.0697255000000001
        },
        "TrainerController.start_learning": {
            "total": 11.0163774,
            "count": 1,
            "self": 5.990000000011264e-05,
            "children": {
                "TrainerController._reset_env": {
                    "total": 11.015238,
                    "count": 1,
                    "self": 8.7220246,
                    "children": {
                        "demo_to_buffer": {
                            "total": 2.293213400000001,
                            "count": 1,
                            "self": 6.47000000029152e-05,
                            "children": {
                                "load_demonstration": {
                                    "total": 0.04463129999999893,
                                    "count": 1,
                                    "self": 0.04270089999999982,
                                    "children": {
                                        "read_file": {
                                            "total": 0.0019303999999991106,
                                            "count": 3,
                                            "self": 0.0019303999999991106
                                        }
                                    }
                                },
                                "make_demo_buffer": {
                                    "total": 2.248517399999999,
                                    "count": 1,
                                    "self": 0.3565667000000463,
                                    "children": {
                                        "steps_from_proto": {
                                            "total": 1.8919506999999527,
                                            "count": 21830,
                                            "self": 1.1448257999998894,
                                            "children": {
                                                "_process_rank_one_or_two_observation": {
                                                    "total": 0.7471249000000633,
                                                    "count": 87320,
                                                    "self": 0.7471249000000633
                                                }
                                            }
                                        }
                                    }
                                }
                            }
                        }
                    }
                },
                "TrainerController._save_models": {
                    "total": 0.001079499999999456,
                    "count": 1,
                    "self": 0.00013539999999956365,
                    "children": {
                        "RLTrainer._checkpoint": {
                            "total": 0.0009440999999998922,
                            "count": 1,
                            "self": 0.0009440999999998922
                        }
                    }
                }
            }
        }
    }
}