{
    "name": "root",
    "metadata": {
        "timer_format_version": "0.1.0",
        "start_time_seconds": "1674139035",
        "python_version": "3.8.15 (default, Nov 24 2022, 14:38:14) [MSC v.1916 64 bit (AMD64)]",
        "command_line_arguments": "C:\\Users\\jarne\\miniconda3\\envs\\mlagents\\Scripts\\mlagents-learn Config/airplaneAIconfig1.yaml --run-id=Test1.1 --quality-level=0",
        "mlagents_version": "0.30.0",
        "mlagents_envs_version": "0.30.0",
        "communication_protocol_version": "1.5.0",
        "pytorch_version": "1.13.1",
        "numpy_version": "1.23.5",
        "end_time_seconds": "1674139160"
    },
    "total": 124.6897995,
    "count": 1,
    "self": 0.011762500000003229,
    "children": {
        "run_training.setup": {
            "total": 0.07373779999999996,
            "count": 1,
            "self": 0.07373779999999996
        },
        "TrainerController.start_learning": {
            "total": 124.6042992,
            "count": 1,
            "self": 0.10577069999956734,
            "children": {
                "TrainerController._reset_env": {
                    "total": 62.952242500000004,
                    "count": 1,
                    "self": 58.18342350000001,
                    "children": {
                        "demo_to_buffer": {
                            "total": 4.7688189999999935,
                            "count": 2,
                            "self": 0.00020230000000509563,
                            "children": {
                                "load_demonstration": {
                                    "total": 0.1427715999999961,
                                    "count": 2,
                                    "self": 0.13399439999999885,
                                    "children": {
                                        "read_file": {
                                            "total": 0.008777199999997265,
                                            "count": 6,
                                            "self": 0.008777199999997265
                                        }
                                    }
                                },
                                "make_demo_buffer": {
                                    "total": 4.625845099999992,
                                    "count": 2,
                                    "self": 0.7417625999995252,
                                    "children": {
                                        "steps_from_proto": {
                                            "total": 3.884082500000467,
                                            "count": 43660,
                                            "self": 2.3524165000012616,
                                            "children": {
                                                "_process_rank_one_or_two_observation": {
                                                    "total": 1.5316659999992055,
                                                    "count": 174640,
                                                    "self": 1.5316659999992055
                                                }
                                            }
                                        }
                                    }
                                }
                            }
                        }
                    }
                },
                "TrainerController.advance": {
                    "total": 61.53905010000042,
                    "count": 5272,
                    "self": 0.051023299999982896,
                    "children": {
                        "env_step": {
                            "total": 61.48802680000044,
                            "count": 5272,
                            "self": 26.52608400000085,
                            "children": {
                                "SubprocessEnvManager._take_step": {
                                    "total": 34.91230050000017,
                                    "count": 5272,
                                    "self": 0.24809040000012317,
                                    "children": {
                                        "TorchPolicy.evaluate": {
                                            "total": 34.66421010000005,
                                            "count": 5272,
                                            "self": 34.66421010000005
                                        }
                                    }
                                },
                                "workers": {
                                    "total": 0.04964229999941949,
                                    "count": 5271,
                                    "self": 0.0,
                                    "children": {
                                        "worker_root": {
                                            "total": 67.68965750000018,
                                            "count": 5271,
                                            "is_parallel": true,
                                            "self": 45.52930950000006,
                                            "children": {
                                                "steps_from_proto": {
                                                    "total": 0.004683399999997562,
                                                    "count": 1,
                                                    "is_parallel": true,
                                                    "self": 0.0010102999999901385,
                                                    "children": {
                                                        "_process_rank_one_or_two_observation": {
                                                            "total": 0.003673100000007423,
                                                            "count": 4,
                                                            "is_parallel": true,
                                                            "self": 0.003673100000007423
                                                        }
                                                    }
                                                },
                                                "UnityEnvironment.step": {
                                                    "total": 22.155664600000122,
                                                    "count": 5271,
                                                    "is_parallel": true,
                                                    "self": 0.38859689999974023,
                                                    "children": {
                                                        "UnityEnvironment._generate_step_input": {
                                                            "total": 0.3616639000003232,
                                                            "count": 5271,
                                                            "is_parallel": true,
                                                            "self": 0.3616639000003232
                                                        },
                                                        "communicator.exchange": {
                                                            "total": 20.08647939999946,
                                                            "count": 5271,
                                                            "is_parallel": true,
                                                            "self": 20.08647939999946
                                                        },
                                                        "steps_from_proto": {
                                                            "total": 1.318924400000597,
                                                            "count": 5271,
                                                            "is_parallel": true,