{
    "name": "root",
    "metadata": {
        "timer_format_version": "0.1.0",
        "start_time_seconds": "1673968581",
        "python_version": "3.9.13 (main, Oct 13 2022, 21:23:06) [MSC v.1916 64 bit (AMD64)]",
        "command_line_arguments": "C:\\Users\\jarne\\miniconda3\\envs\\tf-gpu\\Scripts\\mlagents-learn Config/airplaneAIconfig1.yaml --run-id=Run5",
        "mlagents_version": "0.30.0",
        "mlagents_envs_version": "0.30.0",
        "communication_protocol_version": "1.5.0",
        "pytorch_version": "1.13.1",
        "numpy_version": "1.21.2",
        "end_time_seconds": "1673968669"
    },
    "total": 88.06473050000001,
    "count": 1,
    "self": 0.01037589999999966,
    "children": {
        "run_training.setup": {
            "total": 0.11072039999999994,
            "count": 1,
            "self": 0.11072039999999994
        },
        "TrainerController.start_learning": {
            "total": 87.9436342,
            "count": 1,
            "self": 0.09496670000007157,
            "children": {
                "TrainerController._reset_env": {
                    "total": 20.570860399999997,
                    "count": 1,
                    "self": 10.892292999999995,
                    "children": {
                        "demo_to_buffer": {
                            "total": 9.678567400000002,
                            "count": 2,
                            "self": 0.043698200000005016,
                            "children": {
                                "load_demonstration": {
                                    "total": 5.256099799999998,
                                    "count": 2,
                                    "self": 5.251265600000002,
                                    "children": {
                                        "read_file": {
                                            "total": 0.004834199999995903,
                                            "count": 6,
                                            "self": 0.004834199999995903
                                        }
                                    }
                                },
                                "make_demo_buffer": {
                                    "total": 4.3787693999999995,
                                    "count": 2,
                                    "self": 0.6060409999996512,
                                    "children": {
                                        "steps_from_proto": {
                                            "total": 3.7727284000003483,
                                            "count": 43660,
                                            "self": 2.196081799999792,
                                            "children": {
                                                "_process_rank_one_or_two_observation": {
                                                    "total": 1.5766466000005561,
                                                    "count": 174640,
                                                    "self": 1.5766466000005561
                                                }
                                            }
                                        }
                                    }
                                }
                            }
                        }
                    }
                },
                "TrainerController.advance": {
                    "total": 67.27316549999993,
                    "count": 5258,
                    "self": 0.04332839999985083,
                    "children": {
                        "env_step": {
                            "total": 67.22983710000008,
                            "count": 5258,
                            "self": 27.691011400000093,
                            "children": {
                                "SubprocessEnvManager._take_step": {
                                    "total": 39.49409199999978,
                                    "count": 5258,
                                    "self": 0.23072579999946186,
                                    "children": {
                                        "TorchPolicy.evaluate": {
                                            "total": 39.26336620000032,
                                            "count": 5258,
                                            "self": 39.26336620000032
                                        }
                                    }
                                },
                                "workers": {
                                    "total": 0.04473370000020438,
                                    "count": 5257,
                                    "self": 0.0,
                                    "children": {
                                        "worker_root": {
                                            "total": 79.09291349999978,
                                            "count": 5257,
                                            "is_parallel": true,
                                            "self": 55.67371949999948,
                                            "children": {
                                                "steps_from_proto": {
                                                    "total": 0.000605099999999581,
                                                    "count": 1,
                                                    "is_parallel": true,
                                                    "self": 0.0003274999999991479,
                                                    "children": {
                                                        "_process_rank_one_or_two_observation": {
                                                            "total": 0.00027760000000043306,
                                                            "count": 4,
                                                            "is_parallel": true,
                                                            "self": 0.00027760000000043306
                                                        }
                                                    }
                                                },
                                                "UnityEnvironment.step": {
                                                    "total": 23.4185889000003,
                                                    "count": 5257,
                                                    "is_parallel": true,
                                                    "self": 0.2713633999996894,
                                                    "children": {
                                                        "UnityEnvironment._generate_step_input": {
                                                            "total": 0.6950127000005182,
                                                            "count": 5257,
                                                            "is_parallel": true,
                                                            "self": 0.6950127000005182
                                                        },
                                                        "communicator.exchange": {
                                                            "total": 21.06007810000012,
                                                            "count": 5257,
                                                            "is_parallel": true,
                                                            "self": 21.06007810000012
                                                        },
                                                        "steps_from_proto": {
                                                            "total": 1.3921346999999749,
                                                            "count": 5257,
                                                            "is_parallel": true,
                                                            "self": 0.7439280000004764,