{
    "name": "root",
    "metadata": {
        "timer_format_version": "0.1.0",
        "start_time_seconds": "1673976519",
        "python_version": "3.8.15 (default, Nov 24 2022, 14:38:14) [MSC v.1916 64 bit (AMD64)]",
        "command_line_arguments": "C:\\Users\\jarne\\miniconda3\\envs\\mlagents\\Scripts\\mlagents-learn Config/airplaneAIconfig1.yaml --run-id=Test10 --quality-level=0",
        "mlagents_version": "0.30.0",
        "mlagents_envs_version": "0.30.0",
        "communication_protocol_version": "1.5.0",
        "pytorch_version": "1.13.1",
        "numpy_version": "1.23.5",
        "end_time_seconds": "1673976607"
    },
    "total": 87.99535700000001,
    "count": 1,
    "self": 0.007557600000012599,
    "children": {
        "run_training.setup": {
            "total": 0.08751439999999988,
            "count": 1,
            "self": 0.08751439999999988
        },
        "TrainerController.start_learning": {
            "total": 87.900285,
            "count": 1,
            "self": 0.0861523000001938,
            "children": {
                "TrainerController._reset_env": {
                    "total": 19.4294315,
                    "count": 1,
                    "self": 14.578521600000002,
                    "children": {
                        "demo_to_buffer": {
                            "total": 4.850909899999998,
                            "count": 2,
                            "self": 0.00022900000000447562,
                            "children": {
                                "load_demonstration": {
                                    "total": 0.12183029999999562,
                                    "count": 2,
                                    "self": 0.11719449999998943,
                                    "children": {
                                        "read_file": {
                                            "total": 0.004635800000006185,
                                            "count": 6,
                                            "self": 0.004635800000006185
                                        }
                                    }
                                },
                                "make_demo_buffer": {
                                    "total": 4.728850599999998,
                                    "count": 2,
                                    "self": 0.7288432000001421,
                                    "children": {
                                        "steps_from_proto": {
                                            "total": 4.0000073999998556,
                                            "count": 43660,
                                            "self": 2.4250494000001837,
                                            "children": {
                                                "_process_rank_one_or_two_observation": {
                                                    "total": 1.574957999999672,
                                                    "count": 174640,
                                                    "self": 1.574957999999672
                                                }
                                            }
                                        }
                                    }
                                }
                            }
                        }
                    }
                },
                "TrainerController.advance": {
                    "total": 68.38049109999979,
                    "count": 5200,
                    "self": 0.07607099999937361,
                    "children": {
                        "env_step": {
                            "total": 65.70432709999977,
                            "count": 5200,
                            "self": 32.296712899999484,
                            "children": {
                                "SubprocessEnvManager._take_step": {
                                    "total": 33.35500430000019,
                                    "count": 5200,
                                    "self": 0.26729020000016135,
                                    "children": {
                                        "TorchPolicy.evaluate": {
                                            "total": 33.08771410000003,
                                            "count": 5182,
                                            "self": 33.08771410000003
                                        }
                                    }
                                },
                                "workers": {
                                    "total": 0.052609900000099685,
                                    "count": 5200,
                                    "self": 0.0,
                                    "children": {
                                        "worker_root": {
                                            "total": 72.53501209999983,
                                            "count": 5200,
                                            "is_parallel": true,
                                            "self": 44.95457209999962,
                                            "children": {
                                                "steps_from_proto": {
                                                    "total": 0.00030749999999990507,
                                                    "count": 1,
                                                    "is_parallel": true,
                                                    "self": 0.00014239999999787756,
                                                    "children": {
                                                        "_process_rank_one_or_two_observation": {
                                                            "total": 0.00016510000000202751,
                                                            "count": 4,
                                                            "is_parallel": true,
                                                            "self": 0.00016510000000202751
                                                        }
                                                    }
                                                },
                                                "UnityEnvironment.step": {
                                                    "total": 27.58013250000021,
                                                    "count": 5200,
                                                    "is_parallel": true,
                                                    "self": 0.4341073000004485,
                                                    "children": {
                                                        "UnityEnvironment._generate_step_input": {
                                                            "total": 0.4303054999999141,
                                                            "count": 5200,
                                                            "is_parallel": true,
                                                            "self": 0.4303054999999141
                                                        },
                                                        "communicator.exchange": {
                                                            "total": 25.243045099999836,
                                                            "count": 5200,
                                                            "is_parallel": true,
                                                            "self": 25.243045099999836
                                                        },
                                                        "steps_from_proto": {
                                                            "total": 1.472674600000012,
                                                            "count": 5200,
                                                            "is_parallel": true,