{
    "name": "root",
    "metadata": {
        "timer_format_version": "0.1.0",
        "start_time_seconds": "1674141666",
        "python_version": "3.8.15 (default, Nov 24 2022, 14:38:14) [MSC v.1916 64 bit (AMD64)]",
        "command_line_arguments": "C:\\Users\\jarne\\miniconda3\\envs\\mlagents\\Scripts\\mlagents-learn Config/airplaneAIconfig1.yaml --run-id=Test1.5 --quality-level=0 --force",
        "mlagents_version": "0.30.0",
        "mlagents_envs_version": "0.30.0",
        "communication_protocol_version": "1.5.0",
        "pytorch_version": "1.13.1",
        "numpy_version": "1.23.5",
        "end_time_seconds": "1674141679"
    },
    "total": 13.058507500000001,
    "count": 1,
    "self": 0.009659600000000879,
    "children": {
        "run_training.setup": {
            "total": 0.08326459999999991,
            "count": 1,
            "self": 0.08326459999999991
        },
        "TrainerController.start_learning": {
            "total": 12.9655833,
            "count": 1,
            "self": 9.05999999982754e-05,
            "children": {
                "TrainerController._reset_env": {
                    "total": 12.964000500000001,
                    "count": 1,
                    "self": 10.422323700000002,
                    "children": {
                        "demo_to_buffer": {
                            "total": 2.5416767999999994,
                            "count": 1,
                            "self": 5.589999999955353e-05,
                            "children": {
                                "load_demonstration": {
                                    "total": 0.0763183999999999,
                                    "count": 1,
                                    "self": 0.0727840000000004,
                                    "children": {
                                        "read_file": {
                                            "total": 0.0035343999999994935,
                                            "count": 3,
                                            "self": 0.0035343999999994935
                                        }
                                    }
                                },
                                "make_demo_buffer": {
                                    "total": 2.4653025,
                                    "count": 1,
                                    "self": 0.41466389999994036,
                                    "children": {
                                        "steps_from_proto": {
                                            "total": 2.0506386000000596,
                                            "count": 21830,
                                            "self": 1.2143107000002757,
                                            "children": {
                                                "_process_rank_one_or_two_observation": {
                                                    "total": 0.8363278999997839,
                                                    "count": 87320,
                                                    "self": 0.8363278999997839
                                                }
                                            }
                                        }
                                    }
                                }
                            }
                        }
                    }
                },
                "TrainerController._save_models": {
                    "total": 0.0014922000000012758,
                    "count": 1,
                    "self": 0.00014600000000264401,
                    "children": {
                        "RLTrainer._checkpoint": {
                            "total": 0.0013461999999986318,
                            "count": 1,
                            "self": 0.0013461999999986318
                        }
                    }
                }
            }
        }
    }
}