{
    "name": "root",
    "metadata": {
        "timer_format_version": "0.1.0",
        "start_time_seconds": "1673978518",
        "python_version": "3.8.15 (default, Nov 24 2022, 14:38:14) [MSC v.1916 64 bit (AMD64)]",
        "command_line_arguments": "C:\\Users\\jarne\\miniconda3\\envs\\mlagents\\Scripts\\mlagents-learn Config/airplaneAIconfig1.yaml --run-id=Test12 --quality-level=0",
        "mlagents_version": "0.30.0",
        "mlagents_envs_version": "0.30.0",
        "communication_protocol_version": "1.5.0",
        "pytorch_version": "1.13.1",
        "numpy_version": "1.23.5",
        "end_time_seconds": "1673978536"
    },
    "total": 17.767887,
    "count": 1,
    "self": 0.011064799999999764,
    "children": {
        "run_training.setup": {
            "total": 0.06842709999999985,
            "count": 1,
            "self": 0.06842709999999985
        },
        "TrainerController.start_learning": {
            "total": 17.6883951,
            "count": 1,
            "self": 6.400000000184036e-05,
            "children": {
                "TrainerController._reset_env": {
                    "total": 17.686893899999998,
                    "count": 1,
                    "self": 15.3289172,
                    "children": {
                        "demo_to_buffer": {
                            "total": 2.3579766999999983,
                            "count": 1,
                            "self": 4.3799999996707584e-05,
                            "children": {
                                "load_demonstration": {
                                    "total": 0.045166000000001816,
                                    "count": 1,
                                    "self": 0.043101000000000056,
                                    "children": {
                                        "read_file": {
                                            "total": 0.00206500000000176,
                                            "count": 3,
                                            "self": 0.00206500000000176
                                        }
                                    }
                                },
                                "make_demo_buffer": {
                                    "total": 2.3127668999999997,
                                    "count": 1,
                                    "self": 0.3706756000003324,
                                    "children": {
                                        "steps_from_proto": {
                                            "total": 1.9420912999996673,
                                            "count": 21830,
                                            "self": 1.1787150999994935,
                                            "children": {
                                                "_process_rank_one_or_two_observation": {
                                                    "total": 0.7633762000001738,
                                                    "count": 87320,
                                                    "self": 0.7633762000001738
                                                }
                                            }
                                        }
                                    }
                                }
                            }
                        }
                    }
                },
                "TrainerController._save_models": {
                    "total": 0.0014372000000015817,
                    "count": 1,
                    "self": 0.00015570000000408868,
                    "children": {
                        "RLTrainer._checkpoint": {
                            "total": 0.001281499999997493,
                            "count": 1,
                            "self": 0.001281499999997493
                        }
                    }
                }
            }
        }
    }
}