{
    "name": "root",
    "gauges": {
        "AirplaneAI.Policy.Entropy.mean": {
            "value": 1.473844289779663,
            "min": 1.426517367362976,
            "max": 1.473844289779663,
            "count": 10
        },
        "AirplaneAI.Policy.Entropy.sum": {
            "value": 73724.640625,
            "min": 71381.5,
            "max": 73724.640625,
            "count": 10
        },
        "AirplaneAI.Step.mean": {
            "value": 499981.0,
            "min": 49974.0,
            "max": 499981.0,
            "count": 10
        },
        "AirplaneAI.Step.sum": {
            "value": 499981.0,
            "min": 49974.0,
            "max": 499981.0,
            "count": 10
        },
        "AirplaneAI.Policy.ExtrinsicValueEstimate.mean": {
            "value": -87.74606323242188,
            "min": -96.57328796386719,
            "max": -2.5410051345825195,
            "count": 10
        },
        "AirplaneAI.Policy.ExtrinsicValueEstimate.sum": {
            "value": -70196.8515625,
            "min": -77548.3515625,
            "max": -2058.214111328125,
            "count": 10
        },
        "AirplaneAI.Environment.EpisodeLength.mean": {
            "value": 1344.0,
            "min": 815.0983606557377,
            "max": 1345.2432432432433,
            "count": 10
        },
        "AirplaneAI.Environment.EpisodeLength.sum": {
            "value": 49728.0,
            "min": 49122.0,
            "max": 50920.0,
            "count": 10
        },
        "AirplaneAI.Environment.CumulativeReward.mean": {
            "value": -1058.910960219599,
            "min": -1070.6405590168529,
            "max": -1028.3572264743632,
            "count": 10
        },
        "AirplaneAI.Environment.CumulativeReward.sum": {
            "value": -39179.70552812517,
            "min": -62729.79081493616,
            "max": -39179.70552812517,
            "count": 10
        },
        "AirplaneAI.Policy.ExtrinsicReward.mean": {
            "value": -1058.910960219599,
            "min": -1070.6405590168529,
            "max": -1028.3572264743632,
            "count": 10
        },
        "AirplaneAI.Policy.ExtrinsicReward.sum": {
            "value": -39179.70552812517,
            "min": -62729.79081493616,
            "max": -39179.70552812517,
            "count": 10
        },
        "AirplaneAI.Losses.PolicyLoss.mean": {
            "value": 0.023743155595342007,
            "min": 0.021896173184116678,
            "max": 0.02664262968498709,
            "count": 10
        },
        "AirplaneAI.Losses.PolicyLoss.sum": {
            "value": 0.11871577797671004,
            "min": 0.09641264786138587,
            "max": 0.13321314842493545,
            "count": 10
        },
        "AirplaneAI.Losses.ValueLoss.mean": {
            "value": 1957.9791630045572,
            "min": 1685.955044555664,
            "max": 9264.133414713542,
            "count": 10
        },
        "AirplaneAI.Losses.ValueLoss.sum": {
            "value": 9789.895815022786,
            "min": 6743.820178222656,
            "max": 37056.53365885417,
            "count": 10
        },
        "AirplaneAI.Policy.LearningRate.mean": {
            "value": 1.6512454495879998e-05,
            "min": 1.6512454495879998e-05,
            "max": 0.00028456905514365,
            "count": 10
        },
        "AirplaneAI.Policy.LearningRate.sum": {
            "value": 8.256227247939999e-05,
            "min": 8.256227247939999e-05,
            "max": 0.0012842502719165995,
            "count": 10
        },
        "AirplaneAI.Policy.Epsilon.mean": {
            "value": 0.10550412,
            "min": 0.10550412,
            "max": 0.19485634999999998,
            "count": 10
        },
        "AirplaneAI.Policy.Epsilon.sum": {
            "value": 0.5275206,
            "min": 0.5001192000000001,
            "max": 0.9280834000000003,
            "count": 10
        },
        "AirplaneAI.Policy.Beta.mean": {
            "value": 0.000284655588,
            "min": 0.000284655588,
            "max": 0.004743331865,
            "count": 10
        },
        "AirplaneAI.Policy.Beta.sum": {
            "value": 0.00142327794,
            "min": 0.00142327794,
            "max": 0.021411361660000003,
            "count": 10
        },
        "AirplaneAI.IsTraining.mean": {
            "value": 1.0,
            "min": 1.0,
            "max": 1.0,
            "count": 10
        },
        "AirplaneAI.IsTraining.sum": {
            "value": 1.0,
            "min": 1.0,
            "max": 1.0,
            "count": 10
        }
    },
    "metadata": {
        "timer_format_version": "0.1.0",
        "start_time_seconds": "1674506565",
        "python_version": "3.8.15 (default, Nov 24 2022, 14:38:14) [MSC v.1916 64 bit (AMD64)]",
        "command_line_arguments": "C:\\Users\\jarne\\miniconda3\\envs\\mlagents\\Scripts\\mlagents-learn Assets/AirplaneAI/Config/learnToFly.yaml --run-id=LearnToFly2 --quality-level=0 --force",
        "mlagents_version": "0.30.0",
        "mlagents_envs_version": "0.30.0",
        "communication_protocol_version": "1.5.0",
        "pytorch_version": "1.13.1",
        "numpy_version": "1.23.5",
        "end_time_seconds": "1674511144"
    },
    "total": 4579.060714499999,
    "count": 1,
    "self": 0.008749199999328994,
    "children": {
        "run_training.setup": {
            "total": 0.0679365999999999,
            "count": 1,
            "self": 0.0679365999999999
        },
        "TrainerController.start_learning": {
            "total": 4578.9840287,
            "count": 1,
            "self": 9.418550800030062,
            "children": {
                "TrainerController._reset_env": {
                    "total": 41.232479299999994,
                    "count": 1,
                    "self": 41.232479299999994
                },
                "TrainerController.advance": {
                    "total": 4528.22697119997,
                    "count": 500052,
                    "self": 3.865494200030298,
                    "children": {
                        "env_step": {
                            "total": 4524.361476999939,
                            "count": 500052,
                            "self": 1704.6592089001988,
                            "children": {
                                "SubprocessEnvManager._take_step": {
                                    "total": 2815.064192999819,
                                    "count": 500052,
                                    "self": 21.69705989979866,
                                    "children": {
                                        "TorchPolicy.evaluate": {
                                            "total": 2793.3671331000205,
                                            "count": 500052,
                                            "self": 2793.3671331000205
                                        }
                                    }
                                },
                                "workers": {
                                    "total": 4.638075099921473,
                                    "count": 500052,
                                    "self": 0.0,
                                    "children": {
                                        "worker_root": {
                                            "total": 4528.368529199765,
                                            "count": 500052,
                                            "is_parallel": true,
                                            "self": 3183.707988099551,
                                            "children": {
                                                "steps_from_proto": {
                                                    "total": 0.0005482999999983917,
                                                    "count": 1,
                                                    "is_parallel": true,