{
    "name": "root",
    "metadata": {
        "timer_format_version": "0.1.0",
        "start_time_seconds": "1674139727",
        "python_version": "3.8.15 (default, Nov 24 2022, 14:38:14) [MSC v.1916 64 bit (AMD64)]",
        "command_line_arguments": "C:\\Users\\jarne\\miniconda3\\envs\\mlagents\\Scripts\\mlagents-learn Config/airplaneAIconfig1.yaml --run-id=Test1.\u00e9 --quality-level=0",
        "mlagents_version": "0.30.0",
        "mlagents_envs_version": "0.30.0",
        "communication_protocol_version": "1.5.0",
        "pytorch_version": "1.13.1",
        "numpy_version": "1.23.5",
        "end_time_seconds": "1674139739"
    },
    "total": 11.831332199999999,
    "count": 1,
    "self": 0.008109399999996825,
    "children": {
        "run_training.setup": {
            "total": 0.06583580000000011,
            "count": 1,
            "self": 0.06583580000000011
        },
        "TrainerController.start_learning": {
            "total": 11.757387000000001,
            "count": 1,
            "self": 6.220000000212167e-05,
            "children": {
                "TrainerController._reset_env": {
                    "total": 11.3375645,
                    "count": 1,
                    "self": 9.051653799999999,
                    "children": {
                        "demo_to_buffer": {
                            "total": 2.2859107000000005,
                            "count": 1,
                            "self": 6.640000000146529e-05,
                            "children": {
                                "load_demonstration": {
                                    "total": 0.04423059999999879,
                                    "count": 1,
                                    "self": 0.04223709999999947,
                                    "children": {
                                        "read_file": {
                                            "total": 0.0019934999999993153,
                                            "count": 3,
                                            "self": 0.0019934999999993153
                                        }
                                    }
                                },
                                "make_demo_buffer": {
                                    "total": 2.2416137000000003,
                                    "count": 1,
                                    "self": 0.3557047000001532,
                                    "children": {
                                        "steps_from_proto": {
                                            "total": 1.885908999999847,
                                            "count": 21830,
                                            "self": 1.1418798999995996,
                                            "children": {
                                                "_process_rank_one_or_two_observation": {
                                                    "total": 0.7440291000002475,
                                                    "count": 87320,
                                                    "self": 0.7440291000002475
                                                }
                                            }
                                        }
                                    }
                                }
                            }
                        }
                    }
                },
                "TrainerController._save_models": {
                    "total": 0.4197603000000001,
                    "count": 1,
                    "self": 2.3900000000409705e-05,
                    "children": {
                        "RLTrainer._checkpoint": {
                            "total": 0.4197363999999997,
                            "count": 1,
                            "self": 0.4197363999999997
                        }
                    }
                }
            }
        }
    }
}