{
    "name": "root",
    "gauges": {
        "AirplaneAI.Policy.Entropy.mean": {
            "value": 1.1212190389633179,
            "min": 1.1212190389633179,
            "max": 1.4140275716781616,
            "count": 20
        },
        "AirplaneAI.Policy.Entropy.sum": {
            "value": 56035.1640625,
            "min": 56035.1640625,
            "max": 70780.5625,
            "count": 20
        },
        "AirplaneAI.Step.mean": {
            "value": 999972.0,
            "min": 49981.0,
            "max": 999972.0,
            "count": 20
        },
        "AirplaneAI.Step.sum": {
            "value": 999972.0,
            "min": 49981.0,
            "max": 999972.0,
            "count": 20
        },
        "AirplaneAI.Policy.ExtrinsicValueEstimate.mean": {
            "value": -15.751873970031738,
            "min": -17.19671058654785,
            "max": -2.24043345451355,
            "count": 20
        },
        "AirplaneAI.Policy.ExtrinsicValueEstimate.sum": {
            "value": -12491.236328125,
            "min": -13654.1884765625,
            "max": -1787.865966796875,
            "count": 20
        },
        "AirplaneAI.Policy.GailValueEstimate.mean": {
            "value": 23.31698226928711,
            "min": 8.932820320129395,
            "max": 31.79838752746582,
            "count": 20
        },
        "AirplaneAI.Policy.GailValueEstimate.sum": {
            "value": 18490.3671875,
            "min": 7128.390625,
            "max": 25057.12890625,
            "count": 20
        },
        "AirplaneAI.Environment.EpisodeLength.mean": {
            "value": 2078.75,
            "min": 1454.90625,
            "max": 3016.1176470588234,
            "count": 20
        },
        "AirplaneAI.Environment.EpisodeLength.sum": {
            "value": 49890.0,
            "min": 46383.0,
            "max": 53583.0,
            "count": 20
        },
        "AirplaneAI.Environment.CumulativeReward.mean": {
            "value": -958.4294602368803,
            "min": -988.9499739322346,
            "max": -896.3519278530032,
            "count": 20
        },
        "AirplaneAI.Environment.CumulativeReward.sum": {
            "value": -23002.307045685127,
            "min": -31646.399165831506,
            "max": -15519.916108226404,
            "count": 20
        },
        "AirplaneAI.Policy.ExtrinsicReward.mean": {
            "value": -948.8451841149168,
            "min": -979.0605069957674,
            "max": -887.3884139746427,
            "count": 20
        },
        "AirplaneAI.Policy.ExtrinsicReward.sum": {
            "value": -22772.284418758005,
            "min": -31329.936223864555,
            "max": -15364.717240396887,
            "count": 20
        },
        "AirplaneAI.Policy.GailReward.mean": {
            "value": 494.5675565507263,
            "min": 494.5675565507263,
            "max": 3256.0852526934955,
            "count": 20
        },
        "AirplaneAI.Policy.GailReward.sum": {
            "value": 11869.621357217431,
            "min": 11869.621357217431,
            "max": 72382.54747290042,
            "count": 20
        },
        "AirplaneAI.Losses.PolicyLoss.mean": {
            "value": 0.025537331226799624,
            "min": 0.02109632580652639,
            "max": 0.02709384036918285,
            "count": 20
        },
        "AirplaneAI.Losses.PolicyLoss.sum": {
            "value": 0.12768665613399813,
            "min": 0.0887018800790732,
            "max": 0.13546920184591424,
            "count": 20
        },
        "AirplaneAI.Losses.ValueLoss.mean": {
            "value": 272.4390073649089,
            "min": 243.55139801025388,
            "max": 2658.3845249176024,
            "count": 20
        },
        "AirplaneAI.Losses.ValueLoss.sum": {
            "value": 1362.1950368245443,
            "min": 1150.5081423441568,
            "max": 10633.53809967041,
            "count": 20
        },
        "AirplaneAI.Policy.LearningRate.mean": {
            "value": 7.209097597000007e-06,
            "min": 7.209097597000007e-06,
            "max": 0.00029230695256435,
            "count": 20
        },
        "AirplaneAI.Policy.LearningRate.sum": {
            "value": 3.6045487985000035e-05,
            "min": 3.6045487985000035e-05,
            "max": 0.0013922238359253996,
            "count": 20
        },
        "AirplaneAI.Policy.Epsilon.mean": {
            "value": 0.102403,
            "min": 0.102403,
            "max": 0.19743565,
            "count": 20
        },
        "AirplaneAI.Policy.Epsilon.sum": {
            "value": 0.512015,
            "min": 0.5102415,
            "max": 0.9640746,
            "count": 20
        },
        "AirplaneAI.Policy.Beta.mean": {
            "value": 0.00012990970000000007,
            "min": 0.00012990970000000007,
            "max": 0.0048720389350000014,
            "count": 20
        },
        "AirplaneAI.Policy.Beta.sum": {
            "value": 0.0006495485000000004,
            "min": 0.0006495485000000004,
            "max": 0.023207322539999995,
            "count": 20
        },
        "AirplaneAI.Policy.GAILPolicyEstimate.mean": {
            "value": 0.24574952155351637,
            "min": 0.0697458584109942,
            "max": 0.2585685313058396,
            "count": 20
        },
        "AirplaneAI.Policy.GAILPolicyEstimate.sum": {
            "value": 1.2287476077675819,
            "min": 0.34872929205497105,
            "max": 1.2827010278900464,
            "count": 20
        },
        "AirplaneAI.Policy.GAILExpertEstimate.mean": {
            "value": 0.8550117520491283,
            "min": 0.813481839497884,
            "max": 0.9222170269489288,
            "count": 20
        },
        "AirplaneAI.Policy.GAILExpertEstimate.sum": {
            "value": 4.275058760245641,
            "min": 3.3208019634087877,
            "max": 4.611085134744644,
            "count": 20
        },
        "AirplaneAI.Losses.GAILLoss.mean": {
            "value": 0.4685191849867503,
            "min": 0.2116807400931915,
            "max": 1.3333402253842603,
            "count": 20
        },
        "AirplaneAI.Losses.GAILLoss.sum": {
            "value": 2.3425959249337516,
            "min": 1.0584037004659574,
            "max": 5.333360901537041,
            "count": 20
        },
        "AirplaneAI.Policy.GAILGradMagLoss.mean": {
            "value": 0.39495622396469116,
            "min": 0.39495622396469116,
            "max": 9.774782943725587,
            "count": 20
        },
        "AirplaneAI.Policy.GAILGradMagLoss.sum": {
            "value": 1.9747811198234557,
            "min": 1.9747811198234557,
            "max": 48.253484408060714,
            "count": 20
        },
        "AirplaneAI.Losses.PretrainingLoss.mean": {
            "value": 0.5881588804721831,
            "min": 0.5881588804721831,
            "max": 1.1485347787539162,
            "count": 20
        },
        "AirplaneAI.Losses.PretrainingLoss.sum": {
            "value": 2.9407944023609156,
            "min": 2.8062797486782074,
            "max": 5.467947920163472,
            "count": 20
        },
        "AirplaneAI.IsTraining.mean": {
            "value": 1.0,
            "min": 1.0,
            "max": 1.0,
            "count": 20
        },
        "AirplaneAI.IsTraining.sum": {
            "value": 1.0,
            "min": 1.0,
            "max": 1.0,
            "count": 20
        }
    },
    "metadata": {
        "timer_format_version": "0.1.0",
        "start_time_seconds": "1674560279",
        "python_version": "3.8.15 (default, Nov 24 2022, 14:38:14) [MSC v.1916 64 bit (AMD64)]",
        "command_line_arguments": "C:\\Users\\jarne\\miniconda3\\envs\\mlagents\\Scripts\\mlagents-learn Assets/AirplaneAI/Config/learnToFly.yaml --run-id=LearnToFly5 --quality-level=0 --force",
        "mlagents_version": "0.30.0",
        "mlagents_envs_version": "0.30.0",