{
    "name": "root",
    "metadata": {
        "timer_format_version": "0.1.0",
        "start_time_seconds": "1673975531",
        "python_version": "3.8.15 (default, Nov 24 2022, 14:38:14) [MSC v.1916 64 bit (AMD64)]",
        "command_line_arguments": "C:\\Users\\jarne\\miniconda3\\envs\\mlagents\\Scripts\\mlagents-learn Config/airplaneAIconfig1.yaml --run-id=Test8 --quality-level=0",
        "mlagents_version": "0.30.0",
        "mlagents_envs_version": "0.30.0",
        "communication_protocol_version": "1.5.0",
        "pytorch_version": "1.13.1",
        "numpy_version": "1.23.5",
        "end_time_seconds": "1673975617"
    },
    "total": 86.2266058,
    "count": 1,
    "self": 0.0093358999999964,
    "children": {
        "run_training.setup": {
            "total": 0.07110229999999995,
            "count": 1,
            "self": 0.07110229999999995
        },
        "TrainerController.start_learning": {
            "total": 86.1461676,
            "count": 1,
            "self": 0.08628870000029565,
            "children": {
                "TrainerController._reset_env": {
                    "total": 14.0279946,
                    "count": 1,
                    "self": 9.2757224,
                    "children": {
                        "demo_to_buffer": {
                            "total": 4.7522722,
                            "count": 2,
                            "self": 0.0001973999999993481,
                            "children": {
                                "load_demonstration": {
                                    "total": 0.12051570000000034,
                                    "count": 2,
                                    "self": 0.11636049999999898,
                                    "children": {
                                        "read_file": {
                                            "total": 0.004155200000001358,
                                            "count": 6,
                                            "self": 0.004155200000001358
                                        }
                                    }
                                },
                                "make_demo_buffer": {
                                    "total": 4.6315591000000005,
                                    "count": 2,
                                    "self": 0.7354919000001701,
                                    "children": {
                                        "steps_from_proto": {
                                            "total": 3.8960671999998304,
                                            "count": 43660,
                                            "self": 2.359553199999848,
                                            "children": {
                                                "_process_rank_one_or_two_observation": {
                                                    "total": 1.5365139999999826,
                                                    "count": 174640,
                                                    "self": 1.5365139999999826
                                                }
                                            }
                                        }
                                    }
                                }
                            }
                        }
                    }
                },
                "TrainerController.advance": {
                    "total": 72.0279341999997,
                    "count": 5167,
                    "self": 0.08262249999965832,
                    "children": {
                        "env_step": {
                            "total": 69.1284251000005,
                            "count": 5167,
                            "self": 33.562742200000386,
                            "children": {
                                "SubprocessEnvManager._take_step": {
                                    "total": 35.51362359999972,
                                    "count": 5167,
                                    "self": 0.2549415999994906,
                                    "children": {
                                        "TorchPolicy.evaluate": {
                                            "total": 35.25868200000023,
                                            "count": 5121,
                                            "self": 35.25868200000023
                                        }
                                    }
                                },
                                "workers": {
                                    "total": 0.05205930000039416,
                                    "count": 5167,
                                    "self": 0.0,
                                    "children": {
                                        "worker_root": {
                                            "total": 75.6828372999991,
                                            "count": 5167,
                                            "is_parallel": true,
                                            "self": 46.72359349999906,
                                            "children": {
                                                "steps_from_proto": {
                                                    "total": 0.00044800000000044804,
                                                    "count": 1,
                                                    "is_parallel": true,
                                                    "self": 0.0002138999999985458,
                                                    "children": {
                                                        "_process_rank_one_or_two_observation": {
                                                            "total": 0.00023410000000190223,
                                                            "count": 4,
                                                            "is_parallel": true,
                                                            "self": 0.00023410000000190223
                                                        }
                                                    }
                                                },
                                                "UnityEnvironment.step": {
                                                    "total": 28.958795800000033,
                                                    "count": 5167,
                                                    "is_parallel": true,
                                                    "self": 0.42174890000016774,
                                                    "children": {
                                                        "UnityEnvironment._generate_step_input": {
                                                            "total": 0.37753309999973794,
                                                            "count": 5167,
                                                            "is_parallel": true,
                                                            "self": 0.37753309999973794
                                                        },
                                                        "communicator.exchange": {
                                                            "total": 26.756818099999954,
                                                            "count": 5167,
                                                            "is_parallel": true,
                                                            "self": 26.756818099999954
                                                        },
                                                        "steps_from_proto": {
                                                            "total": 1.402695700000173,
                                                            "count": 5167,
                                                            "is_parallel": true,
                                                            "self": 0.7680762999996933,