{
    "name": "root",
    "metadata": {
        "timer_format_version": "0.1.0",
        "start_time_seconds": "1673970822",
        "python_version": "3.9.13 (main, Oct 13 2022, 21:23:06) [MSC v.1916 64 bit (AMD64)]",
        "command_line_arguments": "C:\\Users\\jarne\\miniconda3\\envs\\tf-gpu\\Scripts\\mlagents-learn Config/airplaneAIconfig1.yaml --run-id=Test3 --quality-level=0",
        "mlagents_version": "0.30.0",
        "mlagents_envs_version": "0.30.0",
        "communication_protocol_version": "1.5.0",
        "pytorch_version": "1.13.1",
        "numpy_version": "1.21.2",
        "end_time_seconds": "1673970906"
    },
    "total": 83.5579044,
    "count": 1,
    "self": 0.00601959999998769,
    "children": {
        "run_training.setup": {
            "total": 0.10810129999999996,
            "count": 1,
            "self": 0.10810129999999996
        },
        "TrainerController.start_learning": {
            "total": 83.44378350000001,
            "count": 1,
            "self": 0.09524870000012697,
            "children": {
                "TrainerController._reset_env": {
                    "total": 19.6985612,
                    "count": 1,
                    "self": 9.857455,
                    "children": {
                        "demo_to_buffer": {
                            "total": 9.8411062,
                            "count": 2,
                            "self": 0.043702699999998984,
                            "children": {
                                "load_demonstration": {
                                    "total": 5.412695800000002,
                                    "count": 2,
                                    "self": 5.408326900000004,
                                    "children": {
                                        "read_file": {
                                            "total": 0.004368899999997566,
                                            "count": 6,
                                            "self": 0.004368899999997566
                                        }
                                    }
                                },
                                "make_demo_buffer": {
                                    "total": 4.3847077,
                                    "count": 2,
                                    "self": 0.6088175999999308,
                                    "children": {
                                        "steps_from_proto": {
                                            "total": 3.775890100000069,
                                            "count": 43660,
                                            "self": 2.212587100000899,
                                            "children": {
                                                "_process_rank_one_or_two_observation": {
                                                    "total": 1.5633029999991699,
                                                    "count": 174640,
                                                    "self": 1.5633029999991699
                                                }
                                            }
                                        }
                                    }
                                }
                            }
                        }
                    }
                },
                "TrainerController.advance": {
                    "total": 63.64597069999988,
                    "count": 5227,
                    "self": 0.043888599999682754,
                    "children": {
                        "env_step": {
                            "total": 63.602082100000196,
                            "count": 5227,
                            "self": 26.86901210000088,
                            "children": {
                                "SubprocessEnvManager._take_step": {
                                    "total": 36.68920569999951,
                                    "count": 5227,
                                    "self": 0.23552649999950148,
                                    "children": {
                                        "TorchPolicy.evaluate": {
                                            "total": 36.45367920000001,
                                            "count": 5227,
                                            "self": 36.45367920000001
                                        }
                                    }
                                },
                                "workers": {
                                    "total": 0.04386429999980024,
                                    "count": 5226,
                                    "self": 0.0,
                                    "children": {
                                        "worker_root": {
                                            "total": 74.60812920000026,
                                            "count": 5226,
                                            "is_parallel": true,
                                            "self": 51.771594800000585,
                                            "children": {
                                                "steps_from_proto": {
                                                    "total": 0.0003851999999993083,
                                                    "count": 1,
                                                    "is_parallel": true,
                                                    "self": 0.00021260000000022927,
                                                    "children": {
                                                        "_process_rank_one_or_two_observation": {
                                                            "total": 0.00017259999999907905,
                                                            "count": 4,
                                                            "is_parallel": true,
                                                            "self": 0.00017259999999907905
                                                        }
                                                    }
                                                },
                                                "UnityEnvironment.step": {
                                                    "total": 22.83614919999968,
                                                    "count": 5226,
                                                    "is_parallel": true,
                                                    "self": 0.2640803999996919,
                                                    "children": {
                                                        "UnityEnvironment._generate_step_input": {
                                                            "total": 0.6963682999997722,
                                                            "count": 5226,
                                                            "is_parallel": true,
                                                            "self": 0.6963682999997722
                                                        },
                                                        "communicator.exchange": {
                                                            "total": 20.58407020000028,
                                                            "count": 5226,
                                                            "is_parallel": true,
                                                            "self": 20.58407020000028
                                                        },
                                                        "steps_from_proto": {
                                                            "total": 1.2916302999999374,
                                                            "count": 5226,
                                                            "is_parallel": true,
                                                            "self": 0.679934799999991,