{
    "name": "root",
    "gauges": {
        "AirplaneAI.Policy.Entropy.mean": {
            "value": 1.6129502058029175,
            "min": 1.4211540222167969,
            "max": 1.6275578737258911,
            "count": 60
        },
        "AirplaneAI.Policy.Entropy.sum": {
            "value": 161172.4375,
            "min": 138083.28125,
            "max": 163133.375,
            "count": 60
        },
        "AirplaneAI.Step.mean": {
            "value": 5999982.0,
            "min": 99948.0,
            "max": 5999982.0,
            "count": 60
        },
        "AirplaneAI.Step.sum": {
            "value": 5999982.0,
            "min": 99948.0,
            "max": 5999982.0,
            "count": 60
        },
        "AirplaneAI.Policy.ExtrinsicValueEstimate.mean": {
            "value": -19.14613914489746,
            "min": -25.4538631439209,
            "max": -11.518540382385254,
            "count": 60
        },
        "AirplaneAI.Policy.ExtrinsicValueEstimate.sum": {
            "value": -8386.0087890625,
            "min": -11505.146484375,
            "max": -4757.1572265625,
            "count": 60
        },
        "AirplaneAI.Losses.PolicyLoss.mean": {
            "value": 0.023695819595320102,
            "min": 0.02047606630094187,
            "max": 0.024296558456262576,
            "count": 60
        },
        "AirplaneAI.Losses.PolicyLoss.sum": {
            "value": 0.4502205723110819,
            "min": 0.38904525971789555,
            "max": 0.4616346106689889,
            "count": 60
        },
        "AirplaneAI.Losses.ValueLoss.mean": {
            "value": 77.15017707523548,
            "min": 30.474391867424313,
            "max": 379.13938874534745,
            "count": 60
        },
        "AirplaneAI.Losses.ValueLoss.sum": {
            "value": 1465.853364429474,
            "min": 579.0134454810619,
            "max": 6824.508997416254,
            "count": 60
        },
        "AirplaneAI.Policy.LearningRate.mean": {
            "value": 0.00030835018837363374,
            "min": 0.00030835018837363374,
            "max": 0.00034962406938518655,
            "count": 60
        },
        "AirplaneAI.Policy.LearningRate.sum": {
            "value": 0.005858653579099041,
            "min": 0.005858653579099041,
            "max": 0.0066298898877457475,
            "count": 60
        },
        "AirplaneAI.Policy.Epsilon.mean": {
            "value": 0.2762001008421053,
            "min": 0.2762001008421053,
            "max": 0.2997851824444444,
            "count": 60
        },
        "AirplaneAI.Policy.Epsilon.sum": {
            "value": 5.247801916,
            "min": 5.247801916,
            "max": 5.688508504,
            "count": 60
        },
        "AirplaneAI.Policy.Beta.mean": {
            "value": 0.002203691255484211,
            "min": 0.002203691255484211,
            "max": 0.0024973255214333335,
            "count": 60
        },
        "AirplaneAI.Policy.Beta.sum": {
            "value": 0.041870133854200006,
            "min": 0.041870133854200006,
            "max": 0.0473569308748,
            "count": 60
        },
        "AirplaneAI.Environment.EpisodeLength.mean": {
            "value": 890.3739130434783,
            "min": 566.1149425287356,
            "max": 1302.6944444444443,
            "count": 60
        },
        "AirplaneAI.Environment.EpisodeLength.sum": {
            "value": 102393.0,
            "min": 88452.0,
            "max": 108214.0,
            "count": 60
        },
        "AirplaneAI.Environment.CumulativeReward.mean": {
            "value": -284.1536604166031,
            "min": -290.03581828292874,
            "max": -281.3903461135464,
            "count": 60
        },
        "AirplaneAI.Environment.CumulativeReward.sum": {
            "value": -32961.82460832596,
            "min": -50311.72681868076,
            "max": -20299.92386174202,
            "count": 60
        },
        "AirplaneAI.Policy.ExtrinsicReward.mean": {
            "value": -281.31212905049324,
            "min": -287.1354627394014,
            "max": -278.57644782242954,
            "count": 60
        },
        "AirplaneAI.Policy.ExtrinsicReward.sum": {
            "value": -32632.206969857216,
            "min": -49808.6098074317,
            "max": -20096.9247674942,
            "count": 60
        },
        "AirplaneAI.IsTraining.mean": {
            "value": 1.0,
            "min": 1.0,
            "max": 1.0,
            "count": 60
        },
        "AirplaneAI.IsTraining.sum": {
            "value": 1.0,
            "min": 1.0,
            "max": 1.0,
            "count": 60
        }
    },
    "metadata": {
        "timer_format_version": "0.1.0",
        "start_time_seconds": "1674423557",
        "python_version": "3.8.15 (default, Nov 24 2022, 14:38:14) [MSC v.1916 64 bit (AMD64)]",
        "command_line_arguments": "C:\\Users\\jarne\\miniconda3\\envs\\mlagents\\Scripts\\mlagents-learn Assets/AirplaneAI/Config/airplaneAIconfig1.yaml --run-id=GPURUN2 --quality-level=0 --force",
        "mlagents_version": "0.30.0",
        "mlagents_envs_version": "0.30.0",
        "communication_protocol_version": "1.5.0",
        "pytorch_version": "1.13.1",
        "numpy_version": "1.23.5",
        "end_time_seconds": "1674428202"
    },
    "total": 4645.4086732,
    "count": 1,
    "self": 0.00853720000031899,
    "children": {
        "run_training.setup": {
            "total": 0.06596819999999992,
            "count": 1,
            "self": 0.06596819999999992
        },
        "TrainerController.start_learning": {
            "total": 4645.3341678,
            "count": 1,
            "self": 3.4531483001919696,
            "children": {
                "TrainerController._reset_env": {
                    "total": 9.0726603,
                    "count": 1,
                    "self": 9.0726603
                },
                "TrainerController.advance": {
                    "total": 4632.603613899808,
                    "count": 138647,
                    "self": 1.6273926996937007,
                    "children": {
                        "env_step": {
                            "total": 4630.976221200114,
                            "count": 138647,
                            "self": 2383.0026968001152,
                            "children": {
                                "SubprocessEnvManager._take_step": {
                                    "total": 2246.326762800006,
                                    "count": 138647,
                                    "self": 10.575575800044135,
                                    "children": {
                                        "TorchPolicy.evaluate": {
                                            "total": 2235.7511869999616,
                                            "count": 138647,
                                            "self": 2235.7511869999616
                                        }
                                    }
                                },
                                "workers": {
                                    "total": 1.6467615999930683,
                                    "count": 138646,
                                    "self": 0.0,
                                    "children": {
                                        "worker_root": {
                                            "total": 4596.901772500028,
                                            "count": 138646,
                                            "is_parallel": true,
                                            "self": 2989.2886372000653,
                                            "children": {
                                                "steps_from_proto": {
                                                    "total": 0.0007399000000001266,
                                                    "count": 1,
                                                    "is_parallel": true,