{
    "name": "root",
    "metadata": {
        "timer_format_version": "0.1.0",
        "start_time_seconds": "1673978719",
        "python_version": "3.8.15 (default, Nov 24 2022, 14:38:14) [MSC v.1916 64 bit (AMD64)]",
        "command_line_arguments": "C:\\Users\\jarne\\miniconda3\\envs\\mlagents\\Scripts\\mlagents-learn Config/airplaneAIconfig1.yaml --run-id=Test14 --quality-level=0",
        "mlagents_version": "0.30.0",
        "mlagents_envs_version": "0.30.0",
        "communication_protocol_version": "1.5.0",
        "pytorch_version": "1.13.1",
        "numpy_version": "1.23.5",
        "end_time_seconds": "1673978790"
    },
    "total": 71.1157559,
    "count": 1,
    "self": 0.008208199999984345,
    "children": {
        "run_training.setup": {
            "total": 0.06828519999999982,
            "count": 1,
            "self": 0.06828519999999982
        },
        "TrainerController.start_learning": {
            "total": 71.0392625,
            "count": 1,
            "self": 0.10077440000009119,
            "children": {
                "TrainerController._reset_env": {
                    "total": 13.9251324,
                    "count": 1,
                    "self": 9.198724300000002,
                    "children": {
                        "demo_to_buffer": {
                            "total": 4.726408099999999,
                            "count": 2,
                            "self": 0.00017519999999926483,
                            "children": {
                                "load_demonstration": {
                                    "total": 0.12580879999999972,
                                    "count": 2,
                                    "self": 0.12100690000000291,
                                    "children": {
                                        "read_file": {
                                            "total": 0.004801899999996806,
                                            "count": 6,
                                            "self": 0.004801899999996806
                                        }
                                    }
                                },
                                "make_demo_buffer": {
                                    "total": 4.6004241,
                                    "count": 2,
                                    "self": 0.7300817999997946,
                                    "children": {
                                        "steps_from_proto": {
                                            "total": 3.870342300000205,
                                            "count": 43660,
                                            "self": 2.350688799999718,
                                            "children": {
                                                "_process_rank_one_or_two_observation": {
                                                    "total": 1.5196535000004872,
                                                    "count": 174640,
                                                    "self": 1.5196535000004872
                                                }
                                            }
                                        }
                                    }
                                }
                            }
                        }
                    }
                },
                "TrainerController.advance": {
                    "total": 57.00575859999992,
                    "count": 5354,
                    "self": 0.04869260000006648,
                    "children": {
                        "env_step": {
                            "total": 56.957065999999855,
                            "count": 5354,
                            "self": 22.050170099999697,
                            "children": {
                                "SubprocessEnvManager._take_step": {
                                    "total": 34.85863430000026,
                                    "count": 5354,
                                    "self": 0.2373712000002186,
                                    "children": {
                                        "TorchPolicy.evaluate": {
                                            "total": 34.62126310000004,
                                            "count": 5354,
                                            "self": 34.62126310000004
                                        }
                                    }
                                },
                                "workers": {
                                    "total": 0.04826159999989699,
                                    "count": 5353,
                                    "self": 0.0,
                                    "children": {
                                        "worker_root": {
                                            "total": 62.024627899999984,
                                            "count": 5353,
                                            "is_parallel": true,
                                            "self": 44.290674200000154,
                                            "children": {
                                                "steps_from_proto": {
                                                    "total": 0.0004238000000000852,
                                                    "count": 1,
                                                    "is_parallel": true,
                                                    "self": 0.0001937999999999107,
                                                    "children": {
                                                        "_process_rank_one_or_two_observation": {
                                                            "total": 0.0002300000000001745,
                                                            "count": 4,
                                                            "is_parallel": true,
                                                            "self": 0.0002300000000001745
                                                        }
                                                    }
                                                },
                                                "UnityEnvironment.step": {
                                                    "total": 17.73352989999983,
                                                    "count": 5353,
                                                    "is_parallel": true,
                                                    "self": 0.3690595999999431,
                                                    "children": {
                                                        "UnityEnvironment._generate_step_input": {
                                                            "total": 0.333424599999983,
                                                            "count": 5353,
                                                            "is_parallel": true,
                                                            "self": 0.333424599999983
                                                        },
                                                        "communicator.exchange": {
                                                            "total": 15.783087200000011,
                                                            "count": 5353,
                                                            "is_parallel": true,
                                                            "self": 15.783087200000011
                                                        },
                                                        "steps_from_proto": {
                                                            "total": 1.247958499999891,
                                                            "count": 5353,
                                                            "is_parallel": true,