{
    "name": "root",
    "metadata": {
        "timer_format_version": "0.1.0",
        "start_time_seconds": "1673979857",
        "python_version": "3.8.15 (default, Nov 24 2022, 14:38:14) [MSC v.1916 64 bit (AMD64)]",
        "command_line_arguments": "C:\\Users\\jarne\\miniconda3\\envs\\mlagents\\Scripts\\mlagents-learn Config/airplaneAIconfig1.yaml --run-id=Test16 --quality-level=0",
        "mlagents_version": "0.30.0",
        "mlagents_envs_version": "0.30.0",
        "communication_protocol_version": "1.5.0",
        "pytorch_version": "1.13.1",
        "numpy_version": "1.23.5",
        "end_time_seconds": "1673979944"
    },
    "total": 87.0608594,
    "count": 1,
    "self": 0.01089829999999381,
    "children": {
        "run_training.setup": {
            "total": 0.07036449999999994,
            "count": 1,
            "self": 0.07036449999999994
        },
        "TrainerController.start_learning": {
            "total": 86.97959660000001,
            "count": 1,
            "self": 0.09200390000050618,
            "children": {
                "TrainerController._reset_env": {
                    "total": 34.342921600000004,
                    "count": 1,
                    "self": 29.011115999999998,
                    "children": {
                        "demo_to_buffer": {
                            "total": 5.331805600000006,
                            "count": 2,
                            "self": 0.00020729999999602455,
                            "children": {
                                "load_demonstration": {
                                    "total": 0.12907070000000687,
                                    "count": 2,
                                    "self": 0.12466120000000913,
                                    "children": {
                                        "read_file": {
                                            "total": 0.004409499999997735,
                                            "count": 6,
                                            "self": 0.004409499999997735
                                        }
                                    }
                                },
                                "make_demo_buffer": {
                                    "total": 5.202527600000003,
                                    "count": 2,
                                    "self": 0.8306800000004202,
                                    "children": {
                                        "steps_from_proto": {
                                            "total": 4.371847599999583,
                                            "count": 43660,
                                            "self": 2.6246092000010286,
                                            "children": {
                                                "_process_rank_one_or_two_observation": {
                                                    "total": 1.7472383999985546,
                                                    "count": 174640,
                                                    "self": 1.7472383999985546
                                                }
                                            }
                                        }
                                    }
                                }
                            }
                        }
                    }
                },
                "TrainerController.advance": {
                    "total": 52.537942499999495,
                    "count": 5300,
                    "self": 0.04177509999991713,
                    "children": {
                        "env_step": {
                            "total": 52.49616739999958,
                            "count": 5300,
                            "self": 17.762142799999914,
                            "children": {
                                "SubprocessEnvManager._take_step": {
                                    "total": 34.68741070000004,
                                    "count": 5300,
                                    "self": 0.23173229999991207,
                                    "children": {
                                        "TorchPolicy.evaluate": {
                                            "total": 34.455678400000124,
                                            "count": 5300,
                                            "self": 34.455678400000124
                                        }
                                    }
                                },
                                "workers": {
                                    "total": 0.046613899999627506,
                                    "count": 5299,
                                    "self": 0.0,
                                    "children": {
                                        "worker_root": {
                                            "total": 58.04450589999949,
                                            "count": 5299,
                                            "is_parallel": true,
                                            "self": 44.54269969999924,
                                            "children": {
                                                "steps_from_proto": {
                                                    "total": 0.00035799999999852616,
                                                    "count": 1,
                                                    "is_parallel": true,
                                                    "self": 0.00015119999999768652,
                                                    "children": {
                                                        "_process_rank_one_or_two_observation": {
                                                            "total": 0.00020680000000083965,
                                                            "count": 4,
                                                            "is_parallel": true,
                                                            "self": 0.00020680000000083965
                                                        }
                                                    }
                                                },
                                                "UnityEnvironment.step": {
                                                    "total": 13.501448200000254,
                                                    "count": 5299,
                                                    "is_parallel": true,
                                                    "self": 0.3516284000001022,
                                                    "children": {
                                                        "UnityEnvironment._generate_step_input": {
                                                            "total": 0.31878979999986967,
                                                            "count": 5299,
                                                            "is_parallel": true,
                                                            "self": 0.31878979999986967
                                                        },
                                                        "communicator.exchange": {
                                                            "total": 11.655731200000197,
                                                            "count": 5299,
                                                            "is_parallel": true,
                                                            "self": 11.655731200000197
                                                        },
                                                        "steps_from_proto": {
                                                            "total": 1.1752988000000855,
                                                            "count": 5299,
                                                            "is_parallel": true,