{
    "name": "root",
    "metadata": {
        "timer_format_version": "0.1.0",
        "start_time_seconds": "1673969285",
        "python_version": "3.9.13 (main, Oct 13 2022, 21:23:06) [MSC v.1916 64 bit (AMD64)]",
        "command_line_arguments": "C:\\Users\\jarne\\miniconda3\\envs\\tf-gpu\\Scripts\\mlagents-learn Config/airplaneAIConfig1.yaml --run-id=Run7",
        "mlagents_version": "0.30.0",
        "mlagents_envs_version": "0.30.0",
        "communication_protocol_version": "1.5.0",
        "pytorch_version": "1.13.1",
        "numpy_version": "1.21.2",
        "end_time_seconds": "1673969315"
    },
    "total": 30.491979299999997,
    "count": 1,
    "self": 0.00949030000000306,
    "children": {
        "run_training.setup": {
            "total": 0.09832399999999986,
            "count": 1,
            "self": 0.09832399999999986
        },
        "TrainerController.start_learning": {
            "total": 30.384164999999996,
            "count": 1,
            "self": 0.003728799999997534,
            "children": {
                "TrainerController._reset_env": {
                    "total": 23.2507269,
                    "count": 1,
                    "self": 13.4897314,
                    "children": {
                        "demo_to_buffer": {
                            "total": 9.7609955,
                            "count": 2,
                            "self": 0.04327319999999801,
                            "children": {
                                "load_demonstration": {
                                    "total": 5.298723200000001,
                                    "count": 2,
                                    "self": 5.294059299999999,
                                    "children": {
                                        "read_file": {
                                            "total": 0.004663900000002386,
                                            "count": 6,
                                            "self": 0.004663900000002386
                                        }
                                    }
                                },
                                "make_demo_buffer": {
                                    "total": 4.418999100000001,
                                    "count": 2,
                                    "self": 0.6209265999998443,
                                    "children": {
                                        "steps_from_proto": {
                                            "total": 3.7980725000001563,
                                            "count": 43660,
                                            "self": 2.216063800000299,
                                            "children": {
                                                "_process_rank_one_or_two_observation": {
                                                    "total": 1.5820086999998573,
                                                    "count": 174640,
                                                    "self": 1.5820086999998573
                                                }
                                            }
                                        }
                                    }
                                }
                            }
                        }
                    }
                },
                "TrainerController.advance": {
                    "total": 7.1250568999999935,
                    "count": 193,
                    "self": 0.0016874000000228762,
                    "children": {
                        "env_step": {
                            "total": 7.123369499999971,
                            "count": 193,
                            "self": 3.7296272000000528,
                            "children": {
                                "SubprocessEnvManager._take_step": {
                                    "total": 3.392169699999954,
                                    "count": 193,
                                    "self": 0.011987299999962175,
                                    "children": {
                                        "TorchPolicy.evaluate": {
                                            "total": 3.380182399999992,
                                            "count": 193,
                                            "self": 3.380182399999992
                                        }
                                    }
                                },
                                "workers": {
                                    "total": 0.0015725999999638418,
                                    "count": 192,
                                    "self": 0.0,
                                    "children": {
                                        "worker_root": {
                                            "total": 18.479611600000002,
                                            "count": 192,
                                            "is_parallel": true,
                                            "self": 15.072425600000011,
                                            "children": {
                                                "steps_from_proto": {
                                                    "total": 0.0004755999999996874,
                                                    "count": 1,
                                                    "is_parallel": true,
                                                    "self": 0.00018930000000061398,
                                                    "children": {
                                                        "_process_rank_one_or_two_observation": {
                                                            "total": 0.0002862999999990734,
                                                            "count": 4,
                                                            "is_parallel": true,
                                                            "self": 0.0002862999999990734
                                                        }
                                                    }
                                                },
                                                "UnityEnvironment.step": {
                                                    "total": 3.406710399999991,
                                                    "count": 192,
                                                    "is_parallel": true,
                                                    "self": 0.01336970000000548,
                                                    "children": {
                                                        "UnityEnvironment._generate_step_input": {
                                                            "total": 0.09871760000002894,
                                                            "count": 192,
                                                            "is_parallel": true,
                                                            "self": 0.09871760000002894
                                                        },
                                                        "communicator.exchange": {
                                                            "total": 3.2119201999999802,
                                                            "count": 192,
                                                            "is_parallel": true,
                                                            "self": 3.2119201999999802
                                                        },
                                                        "steps_from_proto": {
                                                            "total": 0.08270289999997615,
                                                            "count": 192,
                                                            "is_parallel": true,
                                                            "self": 0.029868899999971887,