{
    "name": "root",
    "metadata": {
        "timer_format_version": "0.1.0",
        "start_time_seconds": "1673974680",
        "python_version": "3.8.15 (default, Nov 24 2022, 14:38:14) [MSC v.1916 64 bit (AMD64)]",
        "command_line_arguments": "C:\\Users\\jarne\\miniconda3\\envs\\mlagents\\Scripts\\mlagents-learn Config/airplaneAIconfig1.yaml --run-id=Test4 --quality-level=0",
        "mlagents_version": "0.30.0",
        "mlagents_envs_version": "0.30.0",
        "communication_protocol_version": "1.5.0",
        "pytorch_version": "1.13.1",
        "numpy_version": "1.23.5",
        "end_time_seconds": "1673974754"
    },
    "total": 73.450994,
    "count": 1,
    "self": 0.01055809999999724,
    "children": {
        "run_training.setup": {
            "total": 0.07181329999999986,
            "count": 1,
            "self": 0.07181329999999986
        },
        "TrainerController.start_learning": {
            "total": 73.3686226,
            "count": 1,
            "self": 0.09950490000022683,
            "children": {
                "TrainerController._reset_env": {
                    "total": 18.352517799999998,
                    "count": 1,
                    "self": 13.746031699999998,
                    "children": {
                        "demo_to_buffer": {
                            "total": 4.6064861,
                            "count": 2,
                            "self": 0.00017319999999543256,
                            "children": {
                                "load_demonstration": {
                                    "total": 0.12090230000000268,
                                    "count": 2,
                                    "self": 0.11633240000000278,
                                    "children": {
                                        "read_file": {
                                            "total": 0.004569899999999905,
                                            "count": 6,
                                            "self": 0.004569899999999905
                                        }
                                    }
                                },
                                "make_demo_buffer": {
                                    "total": 4.485410600000002,
                                    "count": 2,
                                    "self": 0.704628700000141,
                                    "children": {
                                        "steps_from_proto": {
                                            "total": 3.7807818999998606,
                                            "count": 43660,
                                            "self": 2.2947634999998634,
                                            "children": {
                                                "_process_rank_one_or_two_observation": {
                                                    "total": 1.4860183999999972,
                                                    "count": 174640,
                                                    "self": 1.4860183999999972
                                                }
                                            }
                                        }
                                    }
                                }
                            }
                        }
                    }
                },
                "TrainerController.advance": {
                    "total": 54.91036829999977,
                    "count": 5226,
                    "self": 0.04211219999983484,
                    "children": {
                        "env_step": {
                            "total": 54.86825609999993,
                            "count": 5226,
                            "self": 18.540335899999945,
                            "children": {
                                "SubprocessEnvManager._take_step": {
                                    "total": 36.280739499999825,
                                    "count": 5226,
                                    "self": 0.23392679999991373,
                                    "children": {
                                        "TorchPolicy.evaluate": {
                                            "total": 36.04681269999991,
                                            "count": 5226,
                                            "self": 36.04681269999991
                                        }
                                    }
                                },
                                "workers": {
                                    "total": 0.047180700000161835,
                                    "count": 5225,
                                    "self": 0.0,
                                    "children": {
                                        "worker_root": {
                                            "total": 60.702671800000175,
                                            "count": 5225,
                                            "is_parallel": true,
                                            "self": 46.39962010000015,
                                            "children": {
                                                "steps_from_proto": {
                                                    "total": 0.0006412999999998448,
                                                    "count": 1,
                                                    "is_parallel": true,
                                                    "self": 0.0003092999999978474,
                                                    "children": {
                                                        "_process_rank_one_or_two_observation": {
                                                            "total": 0.00033200000000199736,
                                                            "count": 4,
                                                            "is_parallel": true,
                                                            "self": 0.00033200000000199736
                                                        }
                                                    }
                                                },
                                                "UnityEnvironment.step": {
                                                    "total": 14.302410400000028,
                                                    "count": 5225,
                                                    "is_parallel": true,
                                                    "self": 0.37650400000024575,
                                                    "children": {
                                                        "UnityEnvironment._generate_step_input": {
                                                            "total": 0.3470915999998887,
                                                            "count": 5225,
                                                            "is_parallel": true,
                                                            "self": 0.3470915999998887
                                                        },
                                                        "communicator.exchange": {
                                                            "total": 12.341827800000296,
                                                            "count": 5225,
                                                            "is_parallel": true,
                                                            "self": 12.341827800000296
                                                        },
                                                        "steps_from_proto": {
                                                            "total": 1.2369869999995977,
                                                            "count": 5225,
                                                            "is_parallel": true,