{
    "name": "root",
    "metadata": {
        "timer_format_version": "0.1.0",
        "start_time_seconds": "1673978874",
        "python_version": "3.8.15 (default, Nov 24 2022, 14:38:14) [MSC v.1916 64 bit (AMD64)]",
        "command_line_arguments": "C:\\Users\\jarne\\miniconda3\\envs\\mlagents\\Scripts\\mlagents-learn Config/airplaneAIconfig1.yaml --run-id=Test15 --quality-level=0",
        "mlagents_version": "0.30.0",
        "mlagents_envs_version": "0.30.0",
        "communication_protocol_version": "1.5.0",
        "pytorch_version": "1.13.1",
        "numpy_version": "1.23.5",
        "end_time_seconds": "1673978938"
    },
    "total": 64.7319522,
    "count": 1,
    "self": 0.008422399999986396,
    "children": {
        "run_training.setup": {
            "total": 0.06974439999999982,
            "count": 1,
            "self": 0.06974439999999982
        },
        "TrainerController.start_learning": {
            "total": 64.6537854,
            "count": 1,
            "self": 0.09781169999995143,
            "children": {
                "TrainerController._reset_env": {
                    "total": 11.4159352,
                    "count": 1,
                    "self": 6.8076221,
                    "children": {
                        "demo_to_buffer": {
                            "total": 4.6083131,
                            "count": 2,
                            "self": 0.00018379999999851293,
                            "children": {
                                "load_demonstration": {
                                    "total": 0.11658210000000047,
                                    "count": 2,
                                    "self": 0.11247260000000026,
                                    "children": {
                                        "read_file": {
                                            "total": 0.00410950000000021,
                                            "count": 6,
                                            "self": 0.00410950000000021
                                        }
                                    }
                                },
                                "make_demo_buffer": {
                                    "total": 4.491547200000001,
                                    "count": 2,
                                    "self": 0.7121639000001778,
                                    "children": {
                                        "steps_from_proto": {
                                            "total": 3.7793832999998234,
                                            "count": 43660,
                                            "self": 2.2998139999993796,
                                            "children": {
                                                "_process_rank_one_or_two_observation": {
                                                    "total": 1.4795693000004437,
                                                    "count": 174640,
                                                    "self": 1.4795693000004437
                                                }
                                            }
                                        }
                                    }
                                }
                            }
                        }
                    }
                },
                "TrainerController.advance": {
                    "total": 53.13265030000005,
                    "count": 5356,
                    "self": 0.042899000000126364,
                    "children": {
                        "env_step": {
                            "total": 53.089751299999925,
                            "count": 5356,
                            "self": 18.034971399999783,
                            "children": {
                                "SubprocessEnvManager._take_step": {
                                    "total": 35.00723740000022,
                                    "count": 5356,
                                    "self": 0.23424640000033037,
                                    "children": {
                                        "TorchPolicy.evaluate": {
                                            "total": 34.77299099999989,
                                            "count": 5356,
                                            "self": 34.77299099999989
                                        }
                                    }
                                },
                                "workers": {
                                    "total": 0.047542499999918775,
                                    "count": 5355,
                                    "self": 0.0,
                                    "children": {
                                        "worker_root": {
                                            "total": 58.28782330000003,
                                            "count": 5355,
                                            "is_parallel": true,
                                            "self": 44.52336599999988,
                                            "children": {
                                                "steps_from_proto": {
                                                    "total": 0.0002997000000002359,
                                                    "count": 1,
                                                    "is_parallel": true,
                                                    "self": 0.00014020000000058985,
                                                    "children": {
                                                        "_process_rank_one_or_two_observation": {
                                                            "total": 0.00015949999999964604,
                                                            "count": 4,
                                                            "is_parallel": true,
                                                            "self": 0.00015949999999964604
                                                        }
                                                    }
                                                },
                                                "UnityEnvironment.step": {
                                                    "total": 13.764157600000146,
                                                    "count": 5355,
                                                    "is_parallel": true,
                                                    "self": 0.36231600000018815,
                                                    "children": {
                                                        "UnityEnvironment._generate_step_input": {
                                                            "total": 0.32800149999978423,
                                                            "count": 5355,
                                                            "is_parallel": true,
                                                            "self": 0.32800149999978423
                                                        },
                                                        "communicator.exchange": {
                                                            "total": 11.847134499999997,
                                                            "count": 5355,
                                                            "is_parallel": true,
                                                            "self": 11.847134499999997
                                                        },
                                                        "steps_from_proto": {
                                                            "total": 1.2267056000001766,
                                                            "count": 5355,
                                                            "is_parallel": true,