{
    "name": "root",
    "metadata": {
        "timer_format_version": "0.1.0",
        "start_time_seconds": "1673968757",
        "python_version": "3.9.13 (main, Oct 13 2022, 21:23:06) [MSC v.1916 64 bit (AMD64)]",
        "command_line_arguments": "C:\\Users\\jarne\\miniconda3\\envs\\tf-gpu\\Scripts\\mlagents-learn Config/airplaneAIconfig1.yaml --run-id=Run6",
        "mlagents_version": "0.30.0",
        "mlagents_envs_version": "0.30.0",
        "communication_protocol_version": "1.5.0",
        "pytorch_version": "1.13.1",
        "numpy_version": "1.21.2",
        "end_time_seconds": "1673968839"
    },
    "total": 82.63285880000001,
    "count": 1,
    "self": 0.00612520000001382,
    "children": {
        "run_training.setup": {
            "total": 0.10471600000000003,
            "count": 1,
            "self": 0.10471600000000003
        },
        "TrainerController.start_learning": {
            "total": 82.5220176,
            "count": 1,
            "self": 0.09359990000007201,
            "children": {
                "TrainerController._reset_env": {
                    "total": 19.3539046,
                    "count": 1,
                    "self": 9.3240186,
                    "children": {
                        "demo_to_buffer": {
                            "total": 10.029886,
                            "count": 2,
                            "self": 0.04341810000000201,
                            "children": {
                                "load_demonstration": {
                                    "total": 5.331234999999998,
                                    "count": 2,
                                    "self": 5.326287999999993,
                                    "children": {
                                        "read_file": {
                                            "total": 0.00494700000000492,
                                            "count": 6,
                                            "self": 0.00494700000000492
                                        }
                                    }
                                },
                                "make_demo_buffer": {
                                    "total": 4.6552329,
                                    "count": 2,
                                    "self": 0.6400446000003299,
                                    "children": {
                                        "steps_from_proto": {
                                            "total": 4.01518829999967,
                                            "count": 43660,
                                            "self": 2.3412315999996647,
                                            "children": {
                                                "_process_rank_one_or_two_observation": {
                                                    "total": 1.673956700000005,
                                                    "count": 174640,
                                                    "self": 1.673956700000005
                                                }
                                            }
                                        }
                                    }
                                }
                            }
                        }
                    }
                },
                "TrainerController.advance": {
                    "total": 63.06968309999992,
                    "count": 5235,
                    "self": 0.03879019999968136,
                    "children": {
                        "env_step": {
                            "total": 63.03089290000024,
                            "count": 5235,
                            "self": 25.670209600000717,
                            "children": {
                                "SubprocessEnvManager._take_step": {
                                    "total": 37.319879499999814,
                                    "count": 5235,
                                    "self": 0.2189147999993466,
                                    "children": {
                                        "TorchPolicy.evaluate": {
                                            "total": 37.10096470000047,
                                            "count": 5235,
                                            "self": 37.10096470000047
                                        }
                                    }
                                },
                                "workers": {
                                    "total": 0.04080379999970418,
                                    "count": 5234,
                                    "self": 0.0,
                                    "children": {
                                        "worker_root": {
                                            "total": 74.90802569999994,
                                            "count": 5234,
                                            "is_parallel": true,
                                            "self": 53.07076489999963,
                                            "children": {
                                                "steps_from_proto": {
                                                    "total": 0.00036429999999931795,
                                                    "count": 1,
                                                    "is_parallel": true,
                                                    "self": 0.00017299999999842441,
                                                    "children": {
                                                        "_process_rank_one_or_two_observation": {
                                                            "total": 0.00019130000000089353,
                                                            "count": 4,
                                                            "is_parallel": true,
                                                            "self": 0.00019130000000089353
                                                        }
                                                    }
                                                },
                                                "UnityEnvironment.step": {
                                                    "total": 21.836896500000307,
                                                    "count": 5234,
                                                    "is_parallel": true,
                                                    "self": 0.24520300000042639,
                                                    "children": {
                                                        "UnityEnvironment._generate_step_input": {
                                                            "total": 0.65445690000033,
                                                            "count": 5234,
                                                            "is_parallel": true,
                                                            "self": 0.65445690000033
                                                        },
                                                        "communicator.exchange": {
                                                            "total": 19.723781299999956,
                                                            "count": 5234,
                                                            "is_parallel": true,
                                                            "self": 19.723781299999956
                                                        },
                                                        "steps_from_proto": {
                                                            "total": 1.2134552999995947,
                                                            "count": 5234,
                                                            "is_parallel": true,
                                                            "self": 0.6499015999995201,