{
    "name": "root",
    "metadata": {
        "timer_format_version": "0.1.0",
        "start_time_seconds": "1673975327",
        "python_version": "3.8.15 (default, Nov 24 2022, 14:38:14) [MSC v.1916 64 bit (AMD64)]",
        "command_line_arguments": "C:\\Users\\jarne\\miniconda3\\envs\\mlagents\\Scripts\\mlagents-learn Config/airplaneAIconfig1.yaml --run-id=Test7 --quality-level=0",
        "mlagents_version": "0.30.0",
        "mlagents_envs_version": "0.30.0",
        "communication_protocol_version": "1.5.0",
        "pytorch_version": "1.13.1",
        "numpy_version": "1.23.5",
        "end_time_seconds": "1673975414"
    },
    "total": 86.9959489,
    "count": 1,
    "self": 0.007325399999999149,
    "children": {
        "run_training.setup": {
            "total": 0.0670525999999998,
            "count": 1,
            "self": 0.0670525999999998
        },
        "TrainerController.start_learning": {
            "total": 86.9215709,
            "count": 1,
            "self": 0.08911180000022512,
            "children": {
                "TrainerController._reset_env": {
                    "total": 14.7277916,
                    "count": 1,
                    "self": 9.969883300000001,
                    "children": {
                        "demo_to_buffer": {
                            "total": 4.757908299999999,
                            "count": 2,
                            "self": 0.00017519999999926483,
                            "children": {
                                "load_demonstration": {
                                    "total": 0.12167509999999915,
                                    "count": 2,
                                    "self": 0.11745399999999862,
                                    "children": {
                                        "read_file": {
                                            "total": 0.004221100000000533,
                                            "count": 6,
                                            "self": 0.004221100000000533
                                        }
                                    }
                                },
                                "make_demo_buffer": {
                                    "total": 4.636058,
                                    "count": 2,
                                    "self": 0.7370028000001376,
                                    "children": {
                                        "steps_from_proto": {
                                            "total": 3.8990551999998626,
                                            "count": 43660,
                                            "self": 2.362280699999536,
                                            "children": {
                                                "_process_rank_one_or_two_observation": {
                                                    "total": 1.5367745000003268,
                                                    "count": 174640,
                                                    "self": 1.5367745000003268
                                                }
                                            }
                                        }
                                    }
                                }
                            }
                        }
                    }
                },
                "TrainerController.advance": {
                    "total": 72.10052679999977,
                    "count": 5181,
                    "self": 0.07657419999949866,
                    "children": {
                        "env_step": {
                            "total": 69.30087060000002,
                            "count": 5181,
                            "self": 32.48935340000025,
                            "children": {
                                "SubprocessEnvManager._take_step": {
                                    "total": 36.7586157999998,
                                    "count": 5181,
                                    "self": 0.2599686999989217,
                                    "children": {
                                        "TorchPolicy.evaluate": {
                                            "total": 36.49864710000088,
                                            "count": 5155,
                                            "self": 36.49864710000088
                                        }
                                    }
                                },
                                "workers": {
                                    "total": 0.052901399999974785,
                                    "count": 5181,
                                    "self": 0.0,
                                    "children": {
                                        "worker_root": {
                                            "total": 75.86198969999954,
                                            "count": 5181,
                                            "is_parallel": true,
                                            "self": 48.03993659999986,
                                            "children": {
                                                "steps_from_proto": {
                                                    "total": 0.00044669999999946697,
                                                    "count": 1,
                                                    "is_parallel": true,
                                                    "self": 0.0002097000000027549,
                                                    "children": {
                                                        "_process_rank_one_or_two_observation": {
                                                            "total": 0.00023699999999671206,
                                                            "count": 4,
                                                            "is_parallel": true,
                                                            "self": 0.00023699999999671206
                                                        }
                                                    }
                                                },
                                                "UnityEnvironment.step": {
                                                    "total": 27.82160639999968,
                                                    "count": 5181,
                                                    "is_parallel": true,
                                                    "self": 0.4322652999997203,
                                                    "children": {
                                                        "UnityEnvironment._generate_step_input": {
                                                            "total": 0.41154790000013364,
                                                            "count": 5181,
                                                            "is_parallel": true,
                                                            "self": 0.41154790000013364
                                                        },
                                                        "communicator.exchange": {
                                                            "total": 25.562036299999836,
                                                            "count": 5181,
                                                            "is_parallel": true,
                                                            "self": 25.562036299999836
                                                        },
                                                        "steps_from_proto": {
                                                            "total": 1.4157568999999892,
                                                            "count": 5181,
                                                            "is_parallel": true,