{
    "name": "root",
    "gauges": {
        "AirplaneAI.Policy.Entropy.mean": {
            "value": 1.106427788734436,
            "min": 1.106427788734436,
            "max": 1.4199458360671997,
            "count": 40
        },
        "AirplaneAI.Policy.Entropy.sum": {
            "value": 55230.6640625,
            "min": 55230.6640625,
            "max": 72111.9453125,
            "count": 40
        },
        "AirplaneAI.Step.mean": {
            "value": 1999978.0,
            "min": 49956.0,
            "max": 1999978.0,
            "count": 40
        },
        "AirplaneAI.Step.sum": {
            "value": 1999978.0,
            "min": 49956.0,
            "max": 1999978.0,
            "count": 40
        },
        "AirplaneAI.Policy.ExtrinsicValueEstimate.mean": {
            "value": -22.038909912109375,
            "min": -22.038909912109375,
            "max": -1.9489272832870483,
            "count": 40
        },
        "AirplaneAI.Policy.ExtrinsicValueEstimate.sum": {
            "value": -17520.93359375,
            "min": -17520.93359375,
            "max": -1557.19287109375,
            "count": 40
        },
        "AirplaneAI.Policy.GailValueEstimate.mean": {
            "value": 11.04445743560791,
            "min": 4.606963157653809,
            "max": 21.725936889648438,
            "count": 40
        },
        "AirplaneAI.Policy.GailValueEstimate.sum": {
            "value": 8780.34375,
            "min": 3680.96337890625,
            "max": 17228.66796875,
            "count": 40
        },
        "AirplaneAI.Losses.PolicyLoss.mean": {
            "value": 0.02405348041453787,
            "min": 0.020512379533029163,
            "max": 0.02663164218519038,
            "count": 40
        },
        "AirplaneAI.Losses.PolicyLoss.sum": {
            "value": 0.12026740207268935,
            "min": 0.08643343432728821,
            "max": 0.1331582109259519,
            "count": 40
        },
        "AirplaneAI.Losses.ValueLoss.mean": {
            "value": 209.28659763336182,
            "min": 94.10837158838908,
            "max": 1853.0933924992878,
            "count": 40
        },
        "AirplaneAI.Losses.ValueLoss.sum": {
            "value": 1046.432988166809,
            "min": 454.2725119272868,
            "max": 7412.373569997151,
            "count": 40
        },
        "AirplaneAI.Policy.LearningRate.mean": {
            "value": 3.853808715430001e-06,
            "min": 3.853808715430001e-06,
            "max": 0.0002961051012983,
            "count": 40
        },
        "AirplaneAI.Policy.LearningRate.sum": {
            "value": 1.9269043577150004e-05,
            "min": 1.9269043577150004e-05,
            "max": 0.0014458074180641997,
            "count": 40
        },
        "AirplaneAI.Policy.Epsilon.mean": {
            "value": 0.10128456999999998,
            "min": 0.10128456999999998,
            "max": 0.1987017,
            "count": 40
        },
        "AirplaneAI.Policy.Epsilon.sum": {
            "value": 0.5064228499999999,
            "min": 0.4349562000000001,
            "max": 0.9819358000000001,
            "count": 40
        },
        "AirplaneAI.Policy.Beta.mean": {
            "value": 7.410004300000002e-05,
            "min": 7.410004300000002e-05,
            "max": 0.004935214830000001,
            "count": 40
        },
        "AirplaneAI.Policy.Beta.sum": {
            "value": 0.00037050021500000007,
            "min": 0.00037050021500000007,
            "max": 0.024098596419999993,
            "count": 40
        },
        "AirplaneAI.Policy.GAILPolicyEstimate.mean": {
            "value": 0.23000293279687564,
            "min": 0.13648961763828993,
            "max": 0.2969976640741031,
            "count": 40
        },
        "AirplaneAI.Policy.GAILPolicyEstimate.sum": {
            "value": 1.1500146639843782,
            "min": 0.5459584705531597,
            "max": 1.4849883203705154,
            "count": 40
        },
        "AirplaneAI.Policy.GAILExpertEstimate.mean": {
            "value": 0.8789329636096955,
            "min": 0.8066718729337057,
            "max": 0.8891484220822652,
            "count": 40
        },
        "AirplaneAI.Policy.GAILExpertEstimate.sum": {
            "value": 4.3946648180484775,
            "min": 3.351738252242406,
            "max": 4.445040253798167,
            "count": 40
        },
        "AirplaneAI.Losses.GAILLoss.mean": {
            "value": 0.41583463390668235,
            "min": 0.3666394221782684,
            "max": 0.6780641639232636,
            "count": 40
        },
        "AirplaneAI.Losses.GAILLoss.sum": {
            "value": 2.0791731695334117,
            "min": 1.5100679993629456,
            "max": 3.390320819616318,
            "count": 40
        },
        "AirplaneAI.Policy.GAILGradMagLoss.mean": {
            "value": 0.2668785549203555,
            "min": 0.2336999500791232,
            "max": 9.618922114372253,
            "count": 40
        },
        "AirplaneAI.Policy.GAILGradMagLoss.sum": {
            "value": 1.3343927746017774,
            "min": 1.0249003767967224,
            "max": 39.896141846974686,
            "count": 40
        },
        "AirplaneAI.Losses.PretrainingLoss.mean": {
            "value": 0.5701739184061687,
            "min": 0.5701739184061687,
            "max": 1.1681399673223494,
            "count": 40
        },
        "AirplaneAI.Losses.PretrainingLoss.sum": {
            "value": 2.8508695920308433,
            "min": 2.439518940448761,
            "max": 5.6866348306338,
            "count": 40
        },
        "AirplaneAI.Environment.EpisodeLength.mean": {
            "value": 1691.851851851852,
            "min": 873.4864864864865,
            "max": 2328.2,
            "count": 40
        },
        "AirplaneAI.Environment.EpisodeLength.sum": {
            "value": 45680.0,
            "min": 32319.0,
            "max": 60866.0,
            "count": 40
        },
        "AirplaneAI.Environment.CumulativeReward.mean": {
            "value": -981.5822189124646,
            "min": -990.0247208155893,
            "max": -781.235866944832,
            "count": 40
        },
        "AirplaneAI.Environment.CumulativeReward.sum": {
            "value": -26502.719910636544,
            "min": -36630.914670176804,
            "max": -17968.424939731136,
            "count": 40
        },
        "AirplaneAI.Policy.ExtrinsicReward.mean": {
            "value": -971.7664241053992,
            "min": -980.1244948578848,
            "max": -773.423543225326,
            "count": 40
        },
        "AirplaneAI.Policy.ExtrinsicReward.sum": {
            "value": -26237.693450845778,
            "min": -36264.606309741735,
            "max": -17788.741494182497,
            "count": 40
        },
        "AirplaneAI.Policy.GailReward.mean": {
            "value": 224.72283029749437,
            "min": 197.70502999052405,
            "max": 575.6725372799352,
            "count": 40
        },
        "AirplaneAI.Policy.GailReward.sum": {
            "value": 6067.516418032348,
            "min": 5140.330779753625,
            "max": 14758.164884272148,
            "count": 40
        },
        "AirplaneAI.IsTraining.mean": {
            "value": 1.0,
            "min": 1.0,
            "max": 1.0,
            "count": 40
        },
        "AirplaneAI.IsTraining.sum": {
            "value": 1.0,
            "min": 1.0,
            "max": 1.0,
            "count": 40
        }
    },
    "metadata": {
        "timer_format_version": "0.1.0",
        "start_time_seconds": "1674672328",
        "python_version": "3.8.15 (default, Nov 24 2022, 14:38:14) [MSC v.1916 64 bit (AMD64)]",
        "command_line_arguments": "C:\\Users\\jarne\\miniconda3\\envs\\mlagents\\Scripts\\mlagents-learn Assets/AirplaneAI/Config/learnToFly.yaml --run-id=LearnToFly8 --quality-level=0",
        "mlagents_version": "0.30.0",
        "mlagents_envs_version": "0.30.0",